代號,股名,市場類型,符合類型,營收YoY,季EPS,季EPS YoY,近四季EPS,毛利率,季ROE,近四季ROE,本益比,股價淨值比,殖利率,負債比,營運現金流(億),自由現金流(億),每股淨值,淨值(億),股本(億),營收年月,財報季度,掃描月份,最後掃描時間,當日掃描次數
1259,安心,上櫃,不符合,2.9%,0.06,-77.8%,2.24,22.8%,0.1%,3.0%,25.89,0.73,2.1%,60.2%,1.52,0.6,79.38,25.71,3.24,2026-05,2026Q1,2026-06,2026-06-21 19:56:46,1
1268,漢來美食,上櫃,不符合,10.9%,5.87,33.7%,11.6,48.9%,9.7%,19.6%,14.61,2.8,4.4%,64.5%,2.47,0.04,60.46,25.53,4.22,2026-05,2026Q1,2026-06,2026-06-21 19:56:46,1
1294,漢田生技,上櫃,不符合,31.2%,1.41,20.5%,4.91,36.8%,4.9%,17.6%,16.09,2.76,3.8%,26.7%,0.36,0.3,28.62,8.75,3.06,2026-05,2026Q1,2026-06,2026-06-21 20:59:07,1
1432,大魯閣,上市,不符合,-38.7%,-0.54,-1180.0%,5.44,16.5%,-3.3%,37.1%,3.24,1.07,11.4%,55.3%,-1.14,-0.5,16.44,17.76,10.8,2026-05,2026Q1,2026-06,2026-06-21 20:59:07,1
1439,雋揚,上市,不符合,-38.3%,0.59,-19.2%,3.07,30.1%,1.6%,10.0%,8.24,0.67,1.2%,43.1%,-0.74,-0.72,37.66,34.65,9.2,2026-05,2026Q1,2026-06,2026-06-21 20:59:07,1
1443,立益物流,上市,不符合,-2.3%,0.52,-5.5%,1.11,47.7%,3.9%,7.9%,24.32,2.0,0.0%,76.9%,1.38,0.43,13.47,18.23,13.53,2026-05,2026Q1,2026-06,2026-06-25 19:22:33,1
1453,大將,上市,不符合,0.8%,-0.05,58.3%,0.1,63.9%,-0.4%,0.9%,115.0,0.9,0.0%,52.2%,-0.82,-0.82,12.8,14.49,11.32,2026-05,2026Q1,2026-06,2026-06-25 19:22:33,1
1456,怡華,上市,不符合,-69.0%,-0.43,10.4%,3.46,39.7%,-2.1%,18.7%,4.19,0.72,1.4%,85.8%,-0.99,-1.11,20.23,18.96,9.37,2026-05,2026Q1,2026-06,2026-06-25 19:22:33,1
1472,三洋實業,上市,不符合,35.0%,1.78,1.1%,6.42,14.7%,3.8%,14.6%,14.17,1.95,6.6%,55.6%,0.41,-0.16,46.61,24.47,5.25,2026-05,2026Q1,2026-06,2026-06-21 20:59:07,1
1563,巧新,上市,不符合,18.7%,0.6,-60.8%,0.45,22.0%,1.6%,1.1%,150.44,1.85,3.4%,58.6%,1.68,-20.64,36.59,82.55,22.56,2026-05,2026Q1,2026-06,2026-06-21 20:59:07,1
1593,祺驊,上櫃,不符合,10.8%,0.58,38.1%,2.33,30.7%,1.6%,9.0%,13.07,0.86,6.6%,34.6%,0.16,-0.08,35.27,14.03,3.98,2026-05,2026Q1,2026-06,2026-06-21 20:59:07,1
1598,岱宇,上市,不符合,5.1%,0.25,151.0%,-2.61,42.1%,1.0%,-10.5%,0.0,0.8,0.0%,55.3%,2.13,2.02,25.37,45.44,17.91,2026-05,2026Q1,2026-06,2026-06-21 20:59:07,1
1736,喬山,上市,不符合,2.0%,0.08,-91.2%,8.24,51.3%,0.2%,18.6%,14.5,2.57,3.3%,69.6%,0.38,-2.74,46.44,140.9,30.34,2026-05,2026Q1,2026-06,2026-06-21 19:56:46,1
2062,橋椿,上市,不符合,13.2%,0.0,-100.0%,0.19,10.6%,0.0%,0.5%,100.0,0.5,9.5%,34.7%,0.0,-2.04,37.92,75.83,20.0,2026-05,2026Q1,2026-06,2026-06-21 19:56:46,1
2241,艾姆勒,上市,不符合,40.2%,-0.15,34.8%,-0.62,11.2%,-1.0%,-3.8%,0.0,3.15,0.0%,36.0%,-0.05,-0.09,14.53,15.2,10.46,2026-05,2026Q1,2026-06,2026-06-25 19:22:33,1
2340,台亞,上市,不符合,11.9%,-0.49,37.2%,-2.58,-4.0%,-3.2%,-17.2%,0.0,2.53,1.3%,53.7%,-0.97,-3.48,15.47,67.83,43.86,2026-05,2026Q1,2026-06,2026-06-25 19:22:33,1
2424,隴華,上市,不符合,-6.2%,-0.58,-114.8%,-1.65,-1.9%,-11.7%,-34.4%,0.0,2.14,0.0%,30.6%,-0.2,-0.05,4.95,2.95,5.96,2026-05,2026Q1,2026-06,2026-06-21 20:59:07,1
2429,銘旺科,上市,不符合,-27.3%,-0.45,-114.3%,-1.65,4.2%,-5.2%,-18.0%,0.0,4.52,0.0%,55.0%,-0.64,-0.96,8.7,7.44,8.55,2026-05,2026Q1,2026-06,2026-06-25 19:22:33,1
2432,倚天酷碁-創,上市,不符合,65.3%,0.26,8.3%,1.92,10.9%,1.5%,10.5%,14.84,1.6,2.4%,35.9%,-0.7,-1.91,17.79,11.0,6.19,2026-05,2026Q1,2026-06,2026-06-25 19:22:33,1
2442,新美齊,上市,不符合,-21.0%,1.14,293.1%,6.1,28.8%,4.3%,39.6%,3.25,0.75,0.0%,64.2%,49.7,50.51,26.52,86.26,32.52,2026-05,2026Q1,2026-06,2026-06-21 20:59:07,1
2459,敦吉,上市,不符合,28.0%,1.41,4.4%,5.23,30.5%,2.5%,9.5%,12.24,1.13,6.6%,35.3%,1.2,0.73,56.43,59.59,10.56,2026-05,2026Q1,2026-06,2026-06-25 19:22:33,1
2495,普安,上市,不符合,24.0%,0.33,3.1%,1.13,39.8%,1.9%,6.6%,47.35,3.13,2.4%,37.3%,-1.33,-0.25,17.1,46.79,27.36,2026-05,2026Q1,2026-06,2026-06-25 19:22:33,1
2614,東森,上市,不符合,-4.7%,0.3,7.1%,2.07,29.9%,1.5%,10.8%,8.89,0.94,1.4%,71.3%,3.13,-5.29,19.48,63.74,32.73,2026-05,2026Q1,2026-06,2026-06-25 19:22:33,1
2640,大車隊,上櫃,不符合,7.7%,2.36,9.8%,9.22,50.3%,7.2%,28.3%,16.54,4.66,4.6%,50.9%,1.74,1.55,32.74,19.4,5.93,2026-05,2026Q1,2026-06,2026-06-21 20:59:07,1
2646,星宇航空,上市,不符合,41.2%,0.3,0.0%,0.08,20.2%,2.8%,0.9%,265.62,2.01,0.0%,78.3%,49.52,-69.14,10.59,318.68,300.87,2026-05,2026Q1,2026-06,2026-06-21 20:59:07,1
2701,萬企,上市,不符合,-6.4%,0.11,10.0%,0.57,80.6%,0.6%,3.1%,18.6,0.57,2.6%,13.4%,0.54,0.17,18.67,84.0,45.0,2026-05,2026Q1,2026-06,2026-06-25 19:22:33,1
2702,華園,上市,不符合,6.8%,0.19,-9.5%,-0.37,89.4%,0.9%,-1.7%,0.0,0.61,1.6%,51.7%,1.14,3.27,21.06,32.98,15.66,2026-05,2026Q1,2026-06,2026-06-25 19:22:33,1
2704,國賓,上市,不符合,-2.1%,0.16,115.2%,1.78,29.9%,0.2%,2.7%,25.62,0.63,1.1%,23.5%,2.35,5.65,71.96,264.04,36.69,2026-05,2026Q1,2026-06,2026-06-21 19:56:46,1
2705,六福,上市,不符合,-6.3%,-0.21,8.7%,0.89,28.3%,-0.8%,3.5%,18.2,0.62,0.0%,68.5%,0.4,-1.38,26.07,49.88,19.13,2026-05,2026Q1,2026-06,2026-06-25 19:22:33,1
2706,第一店,上市,不符合,0.7%,0.14,16.7%,0.66,77.5%,0.7%,3.3%,18.94,0.61,2.8%,13.4%,0.63,0.2,20.42,102.1,50.0,2026-05,2026Q1,2026-06,2026-06-21 19:56:46,1
2707,晶華,上市,不符合,2.2%,5.73,81.3%,13.99,36.0%,19.5%,49.6%,12.79,6.09,6.0%,65.4%,1.34,7.79,29.4,37.46,12.74,2026-05,2026Q1,2026-06,2026-06-21 19:56:46,1
2712,遠雄來,上市,不符合,4.5%,-0.14,26.3%,-0.34,15.9%,-1.5%,-3.4%,0.0,1.58,2.8%,38.6%,0.06,0.04,9.64,10.12,10.5,2026-05,2026Q1,2026-06,2026-06-21 19:56:46,1
2718,全心投控,上櫃,不符合,-95.5%,2.63,286.8%,18.89,54.8%,3.5%,28.7%,2.7,0.69,2.9%,17.9%,1.31,-10.06,74.13,64.92,8.76,2026-05,2026Q1,2026-06,2026-06-21 19:56:46,1
2719,燦星旅,上櫃,不符合,-29.3%,0.75,368.7%,0.44,16.7%,6.8%,4.2%,57.27,2.29,0.0%,32.2%,0.35,0.03,10.99,7.6,6.92,2026-05,2026Q1,2026-06,2026-06-21 19:56:46,1
2722,夏都,上市,不符合,-5.7%,-0.21,-23.5%,-0.53,22.6%,-1.1%,-3.4%,0.0,1.26,0.0%,29.3%,-0.04,-0.79,18.56,26.57,14.32,2026-05,2026Q1,2026-06,2026-06-21 19:56:46,1
2723,美食-KY,上市,不符合,-5.0%,1.31,11.0%,-2.34,61.1%,2.3%,-3.7%,0.0,1.16,4.5%,40.2%,4.81,-2.39,57.87,104.16,18.0,2026-05,2026Q1,2026-06,2026-06-21 19:56:46,1
2724,藝舍-KY,上櫃,不符合,287.3%,-0.43,-975.0%,-0.6,-28.8%,-6.0%,-8.4%,0.0,1.71,0.0%,14.6%,-0.6,-0.61,7.2,4.3,5.97,2026-05,2026Q1,2026-06,2026-06-21 19:56:46,1
2726,雅茗-KY,上櫃,不符合,-0.5%,-0.33,50.7%,-3.22,64.5%,-3.3%,-25.7%,0.0,0.98,0.0%,43.4%,0.01,-0.02,9.95,3.77,3.79,2026-05,2026Q1,2026-06,2026-06-21 19:56:46,1
2727,王品,上市,不符合,15.0%,5.04,14.3%,16.64,47.6%,10.2%,33.7%,14.81,4.97,5.9%,76.3%,8.05,3.57,49.58,41.87,8.45,2026-05,2026Q1,2026-06,2026-06-21 19:56:46,1
2729,瓦城,上櫃,不符合,11.4%,1.64,-35.9%,6.24,49.4%,2.8%,9.8%,26.28,2.78,0.0%,59.3%,1.51,-0.27,59.04,25.41,4.3,2026-05,2026Q1,2026-06,2026-06-21 19:56:46,1
2731,雄獅,上市,不符合,9.8%,4.17,-8.8%,17.09,15.9%,6.9%,31.5%,8.89,2.52,8.4%,59.3%,8.26,8.41,60.29,56.24,9.33,2026-05,2026Q1,2026-06,2026-06-21 19:56:46,1
2732,六角,上櫃,不符合,24.3%,1.1,323.1%,1.92,49.6%,2.4%,5.1%,33.44,1.38,1.6%,63.0%,2.12,-1.53,46.45,21.61,4.65,2026-05,2026Q1,2026-06,2026-06-21 19:56:46,1
2734,易飛網,上櫃,不符合,6.6%,0.17,151.5%,-0.91,15.7%,1.5%,-7.6%,0.0,1.33,0.0%,34.0%,0.03,-0.62,11.62,6.65,5.73,2026-05,2026Q1,2026-06,2026-06-21 19:56:46,1
2736,富野,上櫃,不符合,13.1%,-0.1,33.3%,-1.69,53.8%,-0.5%,-10.5%,0.0,0.66,0.0%,38.4%,0.02,-0.23,18.22,14.57,8.0,2026-05,2026Q1,2026-06,2026-06-21 19:56:46,1
2739,寒舍,上市,不符合,-3.0%,1.3,109.7%,3.04,40.6%,7.9%,18.4%,12.63,2.35,6.7%,87.0%,3.63,3.35,16.36,14.97,9.15,2026-05,2026Q1,2026-06,2026-06-25 19:22:33,1
2740,華軒,上櫃,不符合,-58.8%,-1.32,-149.1%,-3.98,35.3%,-15.6%,-50.3%,0.0,3.59,0.0%,28.7%,-0.06,-0.06,8.47,1.42,1.68,2026-05,2026Q1,2026-06,2026-06-25 19:22:33,1
2743,山富,上櫃,不符合,6.5%,1.71,-64.5%,1.61,12.4%,6.4%,7.4%,41.93,2.52,3.0%,60.9%,2.06,1.9,26.84,12.56,4.68,2026-05,2026Q1,2026-06,2026-06-25 19:22:33,1
2745,五福,上櫃,不符合,22.5%,3.44,-19.8%,9.16,14.8%,10.4%,29.3%,11.84,3.29,6.0%,62.2%,-0.14,3.11,32.98,11.15,3.38,2026-05,2026Q1,2026-06,2026-06-25 19:22:33,1
2748,雲品,上市,不符合,7.8%,0.94,-8.7%,2.08,33.7%,3.4%,7.5%,19.09,1.42,5.0%,39.9%,0.05,-0.08,27.86,29.47,10.58,2026-05,2026Q1,2026-06,2026-06-25 19:22:33,1
2751,王座,上櫃,不符合,30.7%,1.01,13.5%,4.69,50.1%,4.2%,23.1%,11.0,2.16,4.8%,60.8%,0.61,0.46,23.93,4.73,1.98,2026-05,2026Q1,2026-06,2026-06-21 20:59:07,1
2752,豆府,上櫃,不符合,15.0%,4.08,6.3%,15.28,53.0%,9.4%,36.6%,11.68,4.13,7.6%,54.5%,1.69,2.23,43.19,11.53,2.67,2026-05,2026Q1,2026-06,2026-06-25 19:22:33,1
2753,八方雲集,上市,不符合,13.3%,3.56,21.5%,13.48,36.4%,6.1%,22.7%,14.13,3.26,3.9%,52.7%,3.7,3.29,58.47,38.97,6.66,2026-05,2026Q1,2026-06,2026-06-25 19:22:33,1
2754,亞洲藏壽司,上櫃,不符合,-1.3%,1.42,517.6%,4.12,40.7%,3.7%,11.1%,16.72,1.78,1.2%,63.4%,2.2,1.41,38.8,18.18,4.69,2026-05,2026Q1,2026-06,2026-06-25 19:22:33,1
2755,揚秦,上櫃,不符合,15.5%,1.65,-1.2%,7.0,27.3%,5.3%,24.2%,20.64,4.66,0.0%,47.3%,-0.09,-0.42,31.02,11.48,3.7,2026-05,2026Q1,2026-06,2026-06-25 19:22:33,1
2756,聯發國際,上櫃,不符合,6.9%,0.51,-3.8%,3.91,49.0%,2.4%,18.4%,15.29,2.8,3.3%,59.8%,-0.14,-0.59,21.33,5.25,2.46,2026-05,2026Q1,2026-06,2026-06-25 19:22:33,1
2916,滿心,上櫃,不符合,-1.9%,1.26,4.1%,4.01,52.6%,5.5%,17.6%,10.44,1.82,8.6%,32.3%,2.03,1.74,22.98,14.85,6.46,2026-05,2026Q1,2026-06,2026-06-25 19:22:33,1
2924,宏太-KY,上櫃,不符合,0.7%,-0.22,0.0%,-1.17,21.1%,-2.5%,-12.4%,0.0,0.0,0.0%,54.1%,-1.79,-1.79,8.9,4.63,5.2,2026-05,2026Q1,2026-06,2026-06-21 19:56:46,1
2937,集雅社,上櫃,不符合,17.2%,0.62,-35.4%,3.81,20.7%,2.5%,16.2%,0.0,0.0,0.0%,66.6%,-0.16,-0.16,24.34,10.6,4.35,2026-05,2026Q1,2026-06,2026-06-25 19:22:33,1
2947,振宇五金,上櫃,不符合,10.9%,1.02,-23.9%,2.97,41.3%,2.8%,8.0%,26.43,2.12,0.0%,74.0%,0.5,0.34,37.02,7.96,2.15,2026-05,2026Q1,2026-06,2026-06-25 19:22:33,1
3054,立萬利,上市,不符合,612.2%,1.41,7150.0%,3.39,75.6%,8.5%,26.3%,19.97,4.07,1.2%,10.0%,0.11,0.11,16.63,13.41,8.07,2026-05,2026Q1,2026-06,2026-06-21 20:59:07,1
3073,天方能源,上櫃,不符合,68.9%,0.0,-100.0%,-0.72,12.7%,0.0%,-4.0%,0.0,1.23,0.0%,70.6%,0.11,-1.01,17.28,6.83,3.95,2026-05,2026Q1,2026-06,2026-06-21 20:59:07,1
3085,新零售,上櫃,不符合,80.9%,-0.24,-41.2%,-0.63,69.1%,-4.2%,-10.7%,0.0,2.09,0.0%,22.6%,0.04,0.81,5.7,3.94,6.9,2026-05,2026Q1,2026-06,2026-06-25 19:22:33,1
3089,億杰,上櫃,不符合,,1.13,0.0%,,-40.7%,0.0%,0.0%,0.0,0.0,0.0%,0.0%,,,,,,,2023Q3,2026-06,2026-06-21 20:59:07,1
3092,鴻碩,上市,不符合,16.2%,-0.95,21.5%,-4.88,9.2%,-7.3%,-32.3%,0.0,2.37,0.0%,72.4%,-0.64,-0.56,12.94,13.8,10.66,2026-05,2026Q1,2026-06,2026-06-25 19:22:33,1
3130,一零四,上市,不符合,10.5%,3.57,11.9%,15.08,86.5%,6.5%,27.7%,14.85,4.08,6.6%,54.3%,0.46,-1.82,54.95,18.24,3.32,2026-05,2026Q1,2026-06,2026-06-21 19:56:46,1
3150,鈺寶-創,上市,不符合,26.5%,-0.02,-111.1%,-0.41,44.2%,-0.2%,-2.9%,0.0,1.43,2.1%,15.3%,-0.22,0.22,13.19,5.85,4.44,2026-05,2026Q1,2026-06,2026-06-21 20:59:07,1
3171,炎洲流通,上櫃,不符合,109.8%,1.44,77.8%,4.93,25.8%,6.8%,26.1%,14.1,3.28,6.7%,57.1%,0.54,0.06,21.18,7.02,3.31,2026-05,2026Q1,2026-06,2026-06-25 19:22:33,1
3178,公準,上櫃,不符合,10.0%,0.0,-100.0%,-0.84,13.7%,0.0%,-3.0%,0.0,2.47,0.8%,55.4%,0.11,0.0,26.56,11.97,4.51,2026-05,2026Q1,2026-06,2026-06-21 20:59:07,1
3219,倚強科,上櫃,不符合,38.4%,0.48,1300.0%,2.04,63.9%,1.9%,9.9%,34.8,2.87,0.4%,39.6%,-0.07,-0.15,24.74,17.76,7.18,2026-05,2026Q1,2026-06,2026-06-25 19:22:33,1
3252,海灣,上櫃,不符合,-1.0%,0.09,12.5%,0.14,40.5%,0.2%,1.2%,124.29,0.43,0.0%,48.6%,0.26,-0.04,40.26,20.21,5.02,2026-05,2026Q1,2026-06,2026-06-25 19:22:33,1
3313,斐成,上櫃,不符合,12749.2%,0.07,187.5%,-0.19,-44.4%,0.7%,-2.0%,0.0,1.15,0.0%,39.1%,-0.19,0.47,9.99,22.1,22.11,2026-05,2026Q1,2026-06,2026-06-25 19:22:33,1
3450,聯鈞,上市,不符合,52.1%,0.69,-70.5%,3.36,24.8%,1.3%,11.1%,174.4,10.94,0.2%,43.0%,5.69,-0.43,53.54,78.0,14.57,2026-05,2026Q1,2026-06,2026-06-25 19:22:33,1
3465,進泰電子,上櫃,不符合,190.5%,-0.92,-231.4%,-1.58,5.9%,-4.0%,-9.6%,0.0,1.56,1.8%,62.9%,-1.83,-2.29,23.25,8.21,3.53,2026-05,2026Q1,2026-06,2026-06-21 20:59:07,1
3512,皇龍,上櫃,不符合,190.4%,0.46,-62.6%,1.79,40.4%,2.1%,7.9%,11.31,0.91,5.9%,55.8%,-4.45,-4.39,22.13,25.03,11.31,2026-05,2026Q1,2026-06,2026-06-25 19:22:33,1
3522,御嵿,上櫃,不符合,-5.5%,0.4,100.0%,-2.46,54.2%,5.2%,-29.1%,0.0,1.92,0.0%,67.6%,0.7,0.43,7.74,8.06,10.41,2026-05,2026Q1,2026-06,2026-06-25 19:22:33,1
3551,世禾,上櫃,不符合,21.5%,2.46,15.5%,8.69,37.4%,3.0%,11.3%,23.94,2.54,0.0%,19.3%,0.21,-0.24,81.83,50.96,6.23,2026-05,2026Q1,2026-06,2026-06-21 20:59:07,1
3557,嘉威,上市,不符合,78.6%,0.48,-81.9%,-2.04,34.3%,1.6%,-6.5%,0.0,0.88,1.1%,62.5%,1.52,-0.35,30.28,25.53,8.43,2026-05,2026Q1,2026-06,2026-06-21 19:56:46,1
3629,地心引力,上櫃,不符合,1328.0%,-0.15,34.8%,-0.57,28.3%,-10.7%,-33.7%,0.0,11.1,0.0%,21.3%,0.08,0.1,1.4,0.46,3.3,2026-05,2026Q1,2026-06,2026-06-25 19:22:33,1
3652,精聯,上市,不符合,42.4%,0.4,17.6%,1.4,34.9%,1.6%,5.6%,29.39,1.64,1.5%,30.8%,-0.21,0.8,25.07,18.83,7.51,2026-05,2026Q1,2026-06,2026-06-25 19:22:33,1
3669,圓展,上市,不符合,15.4%,0.7,6900.0%,1.82,60.6%,2.0%,5.1%,19.45,1.02,2.8%,26.9%,-0.81,-1.49,34.74,32.28,9.29,2026-05,2026Q1,2026-06,2026-06-25 19:22:33,1
3685,元創精密,上櫃,不符合,5.8%,0.1,166.7%,-0.77,23.3%,0.7%,-3.6%,0.0,1.94,0.0%,45.3%,0.35,-0.11,15.36,12.22,7.96,2026-05,2026Q1,2026-06,2026-06-25 19:22:33,1
3687,歐買尬,上櫃,不符合,15.5%,0.31,-44.6%,4.43,40.7%,0.2%,16.3%,17.16,0.57,2.1%,57.3%,0.59,-0.78,133.55,40.15,3.01,2026-05,2026Q1,2026-06,2026-06-25 19:22:33,1
3708,上緯投控,上市,不符合,77.8%,0.13,-72.9%,35.21,16.3%,0.1%,27.7%,3.31,0.65,5.6%,20.7%,-5.73,-4.02,177.95,173.69,9.76,2026-05,2026Q1,2026-06,2026-06-21 20:59:07,1
3713,新晶投控,上櫃,不符合,106.3%,-0.22,-269.2%,-1.48,22.9%,-2.8%,-18.1%,0.0,1.98,0.0%,74.5%,0.73,0.74,7.91,6.97,8.81,2026-05,2026Q1,2026-06,2026-06-21 20:59:07,1
4154,樂威科-KY,上櫃,不符合,134.1%,-0.25,66.2%,-1.34,17.2%,-3.7%,-21.0%,0.0,1.9,0.0%,36.4%,0.11,-0.37,6.71,2.58,3.84,2026-05,2026Q1,2026-06,2026-06-21 20:59:07,1
4419,皇家美食,上櫃,不符合,5.1%,-0.27,25.0%,-1.36,29.7%,-4.4%,-18.0%,0.0,7.47,0.0%,65.1%,0.09,0.1,6.18,10.46,16.92,2026-05,2026Q1,2026-06,2026-06-21 20:59:07,1
4530,宏易,上櫃,不符合,-16.8%,-0.2,-185.7%,0.21,24.6%,-1.3%,4.8%,116.67,1.62,0.0%,42.6%,-0.28,0.51,15.16,5.43,3.58,2026-05,2026Q1,2026-06,2026-06-21 20:59:07,1
4536,拓凱,上市,不符合,20.7%,3.61,-29.4%,13.42,34.3%,3.4%,14.4%,12.15,1.54,6.7%,33.2%,2.49,1.73,106.06,96.32,9.08,2026-05,2026Q1,2026-06,2026-06-21 20:59:07,1
4609,唐鋒,上櫃,不符合,4.0%,-0.08,38.5%,-0.06,0.6%,-2.8%,-1.8%,0.0,1.83,0.0%,77.1%,0.26,0.25,2.86,1.37,4.79,2026-05,2026Q1,2026-06,2026-06-21 20:59:07,1
4702,中美實,上櫃,不符合,107.6%,0.45,350.0%,1.52,37.3%,2.4%,8.5%,6.68,0.55,0.0%,16.0%,-0.17,0.73,18.5,13.38,7.23,2026-05,2026Q1,2026-06,2026-06-21 20:59:07,1
4712,南璋,上櫃,不符合,105.0%,-1.81,-1292.3%,-2.91,-147.5%,-106.7%,-92.7%,0.0,0.0,0.0%,24.6%,-0.04,-0.04,1.7,0.31,1.84,2024-08,2025Q4,2026-06,2026-06-21 20:59:07,1
4736,泰博,上市,不符合,-4.7%,2.99,1968.8%,18.27,49.5%,2.9%,19.2%,6.9,1.21,5.6%,23.8%,2.34,2.84,104.39,99.56,9.54,2026-05,2026Q1,2026-06,2026-06-21 20:59:07,1
4772,台特化,上櫃,不符合,241.2%,1.33,90.0%,4.84,51.0%,4.5%,24.3%,58.06,9.54,0.7%,42.3%,3.74,2.41,29.44,43.48,14.77,2026-05,2026Q1,2026-06,2026-06-21 20:59:07,1
4804,大略-KY,上櫃,不符合,32.2%,-0.47,-51.6%,-1.67,-38.7%,-43.6%,-165.0%,0.0,0.0,0.0%,79.9%,0.09,-0.39,1.08,0.78,7.2,2026-05,2026Q1,2026-06,2026-06-21 19:56:46,1
4944,兆遠,上櫃,不符合,,4.88,0.0%,,-98.9%,83.8%,0.0%,0.0,0.0,0.0%,0.0%,0.25,4.66,5.82,2.56,4.39,,2023Q2,2026-06,2026-06-21 20:59:07,1
4949,有成精密,上市,不符合,25.8%,1.19,197.5%,2.7,39.0%,4.9%,11.5%,32.78,3.62,1.6%,32.9%,-0.93,-1.06,24.42,16.53,6.77,2026-05,2026Q1,2026-06,2026-06-21 20:59:07,1
5205,中茂,上櫃,不符合,124.7%,-0.36,-9.1%,-1.46,13.7%,-5.9%,-19.7%,0.0,4.06,0.0%,28.9%,-0.14,-0.14,6.13,0.83,1.35,2026-05,2026Q1,2026-06,2026-06-21 20:59:07,1
5209,新鼎,上櫃,不符合,-32.8%,3.34,112.7%,17.94,18.0%,10.8%,63.8%,9.64,5.62,7.5%,81.0%,-5.36,-5.22,30.81,8.76,2.84,2026-05,2026Q1,2026-06,2026-06-25 19:22:33,1
5278,尚凡*,上櫃,不符合,15.0%,0.29,-21.6%,0.97,53.9%,0.2%,11.7%,24.69,0.13,3.0%,29.2%,0.9,32.51,186.24,55.87,3.0,2026-05,2026Q1,2026-06,2026-06-25 19:22:33,1
5281,大峽谷-KY,上櫃,不符合,,-0.45,0.0%,,21.1%,-2.4%,0.0%,0.0,0.0,0.0%,0.0%,-0.04,-0.27,19.03,7.04,3.7,,2023Q2,2026-06,2026-06-21 20:59:07,1
5287,數字,上櫃,不符合,-3.3%,2.97,3.5%,14.04,68.2%,7.2%,36.0%,10.58,3.61,3.5%,47.7%,2.45,0.45,41.19,24.84,6.03,2026-05,2026Q1,2026-06,2026-06-25 19:22:33,1
5301,寶得利,上櫃,不符合,-42.0%,-0.18,-50.0%,-1.42,83.8%,-2.2%,-20.4%,0.0,0.85,0.0%,28.3%,-0.06,-0.05,8.19,5.4,6.59,2026-05,2026Q1,2026-06,2026-06-21 19:56:46,1
5306,桂盟,上市,不符合,8.7%,1.79,-42.4%,6.34,41.8%,2.4%,8.8%,13.52,1.17,1.0%,35.1%,2.29,3.27,73.52,92.64,12.6,2026-05,2026Q1,2026-06,2026-06-21 20:59:07,1
5321,美而快,上櫃,不符合,-18.4%,-2.37,-4050.0%,-2.71,48.4%,-17.7%,-15.8%,0.0,4.31,0.4%,84.2%,-0.42,-0.23,13.41,7.13,5.32,2026-05,2026Q1,2026-06,2026-06-25 19:22:33,1
5345,馥鴻,上櫃,不符合,1505.7%,-0.05,50.0%,-0.28,36.8%,-0.9%,-4.7%,0.0,5.38,0.0%,1.3%,0.06,0.06,5.63,2.13,3.78,2026-05,2026Q1,2026-06,2026-06-25 19:22:33,1
5364,力麗店,上櫃,不符合,-77.4%,-0.14,56.2%,-0.59,14.1%,-1.2%,-3.9%,0.0,0.75,0.0%,34.7%,-0.28,-0.21,11.61,7.41,6.38,2026-05,2026Q1,2026-06,2026-06-21 19:56:46,1
5383,金利,上櫃,不符合,,-0.49,0.0%,-1.78,0.0%,0.0%,0.0%,0.0,0.0,0.0%,0.0%,-0.49,-0.68,,,,,2024Q1,2026-06,2026-06-21 20:59:07,1
5432,新門,上櫃,不符合,-20.4%,0.27,68.8%,2.41,29.4%,1.5%,13.5%,63.9,8.53,1.0%,12.9%,-0.01,-0.01,18.04,3.73,2.07,2026-05,2026Q1,2026-06,2026-06-21 20:59:07,1
5450,南良,上櫃,不符合,21.3%,0.07,-22.2%,0.2,26.4%,0.5%,1.3%,74.0,1.02,3.4%,49.5%,-0.26,-0.56,14.47,17.71,12.24,2026-05,2026Q1,2026-06,2026-06-25 19:22:33,1
5481,新華,上櫃,不符合,-8.3%,-0.1,16.7%,-0.63,46.9%,-0.6%,-3.5%,0.0,1.31,0.0%,22.1%,-0.04,-0.06,16.53,11.81,7.14,2026-05,2026Q1,2026-06,2026-06-25 19:22:33,1
5604,中連,上櫃,不符合,3.2%,0.32,45.5%,0.95,82.9%,1.8%,5.2%,32.68,1.76,2.5%,21.8%,0.32,2.17,17.65,19.2,10.88,2026-05,2026Q1,2026-06,2026-06-25 19:22:33,1
5701,劍湖山,上櫃,不符合,0.0%,-0.17,-466.7%,-0.4,47.4%,-4.9%,-10.6%,0.0,1.46,0.0%,79.1%,0.04,-0.08,3.5,5.0,14.3,2026-05,2026Q1,2026-06,2026-06-25 19:22:33,1
5703,亞都,上櫃,不符合,-6.1%,0.27,80.0%,0.65,48.9%,3.5%,8.7%,20.92,1.76,0.0%,45.2%,0.15,-0.08,7.71,5.41,7.02,2026-05,2026Q1,2026-06,2026-06-21 19:56:46,1
5704,老爺知,上櫃,不符合,-95.3%,0.28,460.0%,0.62,49.1%,1.6%,3.6%,34.19,1.24,0.0%,10.8%,-0.16,-3.11,17.16,10.1,5.89,2026-05,2026Q1,2026-06,2026-06-21 19:56:46,1
5706,鳳凰,上市,不符合,-2.0%,0.62,19.2%,3.51,15.0%,2.7%,15.6%,15.38,2.34,8.4%,41.5%,0.11,0.66,23.11,19.63,8.49,2026-05,2026Q1,2026-06,2026-06-21 19:56:46,1
5902,德記,上櫃,不符合,-10.0%,0.46,-14.8%,2.16,24.3%,3.3%,15.6%,16.25,2.48,4.7%,24.7%,-0.28,-3.29,14.13,13.35,9.45,2026-05,2026Q1,2026-06,2026-06-21 19:56:46,1
5903,全家,上櫃,不符合,7.4%,1.23,-34.2%,6.96,34.7%,2.9%,17.6%,27.08,4.47,3.4%,88.2%,24.84,15.69,42.18,94.16,22.32,2026-05,2026Q1,2026-06,2026-06-25 19:22:33,1
5904,寶雅,上櫃,不符合,19.2%,9.3,24.3%,31.45,45.1%,15.5%,56.2%,20.99,11.0,3.5%,80.5%,24.29,19.58,59.98,63.84,10.64,2026-05,2026Q1,2026-06,2026-06-25 19:22:33,1
5905,南仁湖,上櫃,不符合,427.0%,-0.09,35.7%,-0.58,36.0%,-0.7%,-9.2%,0.0,0.68,0.0%,57.6%,3.09,2.42,12.24,34.46,28.16,2026-05,2026Q1,2026-06,2026-06-25 19:22:33,1
6123,上奇,上櫃,不符合,-6.5%,0.7,18.6%,2.83,13.4%,2.0%,13.4%,15.19,1.25,6.0%,47.1%,2.53,1.49,34.4,21.36,6.21,2026-05,2026Q1,2026-06,2026-06-21 20:59:07,1
6165,浪凡,上市,不符合,8.7%,1.09,2.8%,4.05,29.9%,6.6%,23.0%,11.74,2.88,1.2%,61.7%,1.25,-1.29,16.52,12.85,7.78,2026-05,2026Q1,2026-06,2026-06-25 19:22:33,1
6195,詩肯,上櫃,不符合,18.1%,1.5,114.3%,1.79,58.0%,5.7%,6.9%,15.36,1.04,3.6%,62.5%,1.1,1.05,26.41,13.26,5.02,2026-05,2026Q1,2026-06,2026-06-21 19:56:46,1
6198,瑞築,上櫃,不符合,-63.6%,-0.1,-42.9%,-0.26,74.2%,-0.4%,-1.0%,0.0,0.76,0.0%,28.8%,-2.28,-1.28,27.63,47.36,17.14,2026-05,2026Q1,2026-06,2026-06-21 20:59:07,1
6275,元山,上櫃,不符合,0.5%,0.48,-4.0%,2.79,17.6%,2.4%,14.0%,17.92,2.47,3.1%,59.0%,-0.11,-1.22,20.25,16.25,8.02,2026-05,2026Q1,2026-06,2026-06-25 19:22:33,1
6404,通訊-KY,上櫃,不符合,,-0.12,0.0%,-5.44,4.4%,0.0%,0.0%,0.0,0.0,0.0%,0.0%,-0.05,-0.05,,,,,2024Q1,2026-06,2026-06-21 20:59:07,1
6423,億而得,上櫃,不符合,16.9%,0.28,-45.1%,0.35,99.6%,1.7%,2.0%,236.29,5.0,0.6%,33.0%,-0.06,-1.29,16.53,5.13,3.1,2026-05,2026Q1,2026-06,2026-06-21 20:59:07,1
6426,統新,上市,不符合,52.3%,0.74,232.1%,0.52,39.5%,3.1%,2.2%,411.54,8.83,0.0%,8.4%,0.18,0.2,24.22,9.33,3.85,2026-05,2026Q1,2026-06,2026-06-25 19:22:33,1
6431,光麗-KY,上市,不符合,-38.0%,-0.4,13.0%,-2.01,22.8%,-7.0%,-29.7%,0.0,3.19,0.0%,53.2%,-0.18,-0.32,5.72,5.57,9.74,2026-05,2026Q1,2026-06,2026-06-25 19:22:33,1
6438,迅得,上市,不符合,10.1%,1.76,12.8%,5.46,26.4%,2.5%,7.9%,27.84,2.16,1.3%,44.5%,-2.2,-3.1,70.27,57.77,8.22,2026-05,2026Q1,2026-06,2026-06-25 19:22:33,1
6446,藥華藥,上市,成長,58.3%,5.79,52.4%,16.26,87.9%,6.4%,18.7%,65.19,11.69,0.0%,14.1%,17.34,12.09,90.69,344.54,37.99,2026-05,2026Q1,2026-06,2026-06-21 20:59:07,1
6472,保瑞,上市,不符合,40.2%,0.21,-98.5%,13.81,36.1%,0.2%,10.5%,30.59,3.25,0.0%,63.3%,6.36,1.67,130.2,166.29,12.77,2026-05,2026Q1,2026-06,2026-06-21 20:59:07,1
6506,雙邦,上櫃,不符合,7.6%,0.52,26.8%,1.16,20.4%,3.4%,9.0%,16.12,1.21,4.3%,51.9%,0.91,0.81,15.42,12.7,8.24,2026-05,2026Q1,2026-06,2026-06-25 19:22:33,1
6514,芮特-KY,上櫃,不符合,53.9%,1.23,15.0%,3.09,29.4%,0.0%,0.0%,0.0,0.0,0.0%,0.0%,0.31,0.26,,,,2024-09,2024Q2,2026-06,2026-06-21 20:59:07,1
6581,鋼聯,上市,不符合,0.7%,1.17,-8.6%,6.06,53.1%,3.2%,16.9%,17.99,3.01,4.9%,26.8%,1.85,-0.38,36.19,40.27,11.13,2026-05,2026Q1,2026-06,2026-06-21 20:59:07,1
6616,特昇-KY,上櫃,不符合,27.9%,-0.52,-285.7%,-1.4,6.1%,-4.2%,-11.0%,0.0,0.77,0.0%,38.9%,-0.15,-0.15,12.4,4.4,3.55,2026-05,2026Q1,2026-06,2026-06-21 20:59:07,1
6617,共信-KY,上櫃,不符合,68.5%,-0.32,-255.6%,-1.15,68.0%,-1.7%,-5.6%,0.0,3.61,0.0%,10.8%,-0.41,-0.98,18.71,23.86,12.75,2026-05,2026Q1,2026-06,2026-06-21 20:59:07,1
6624,萬年清,上櫃,不符合,10.7%,0.05,171.4%,0.48,23.6%,0.2%,2.3%,88.54,1.88,1.3%,38.6%,-0.34,-0.36,22.59,5.07,2.24,2026-05,2026Q1,2026-06,2026-06-21 20:59:07,1
6629,泰金-KY,上櫃,不符合,90.1%,3.58,33.1%,7.35,21.6%,8.3%,17.3%,15.51,2.65,3.7%,36.7%,-0.6,-0.61,43.0,16.5,3.84,2026-05,2026Q1,2026-06,2026-06-21 20:59:07,1
6637,醫影,上櫃,不符合,-91.0%,1.01,-23.5%,6.85,31.6%,2.4%,17.4%,9.27,1.48,5.7%,37.5%,0.16,-1.51,42.92,11.51,2.68,2026-05,2026Q1,2026-06,2026-06-21 20:59:07,1
6641,基士德-KY,上市,不符合,18.4%,0.02,inf%,0.47,30.9%,0.0%,0.6%,39.04,0.45,5.4%,33.1%,-0.69,-1.1,41.06,14.99,3.65,2026-05,2026Q1,2026-06,2026-06-21 20:59:07,1
6670,復盛應用,上市,不符合,32.0%,6.96,-21.2%,20.62,24.0%,4.8%,16.3%,13.94,1.97,5.6%,33.7%,13.85,12.37,145.9,203.36,13.94,2026-05,2026Q1,2026-06,2026-06-21 20:59:07,1
6671,三能-KY,上市,不符合,-26.1%,0.26,-29.7%,2.27,38.7%,0.9%,8.2%,11.34,0.89,10.1%,21.0%,-0.4,-0.94,29.02,17.63,6.08,2026-05,2026Q1,2026-06,2026-06-21 19:56:46,1
6689,伊雲谷,上市,不符合,-0.3%,0.53,-7.0%,2.26,9.9%,1.1%,4.4%,29.65,1.4,3.0%,49.6%,-0.25,-1.33,47.73,32.46,6.8,2026-05,2026Q1,2026-06,2026-06-21 19:56:46,1
6690,安碁資訊,上櫃,不符合,10.0%,2.27,21.4%,10.62,37.5%,2.3%,10.9%,16.85,1.83,5.0%,37.8%,3.04,-0.15,97.9,29.37,3.0,2026-05,2026Q1,2026-06,2026-06-21 20:59:07,1
6720,久昌,上櫃,不符合,14.5%,0.51,-73.3%,2.79,39.8%,1.8%,8.8%,50.9,4.93,2.5%,22.3%,-0.0,-0.55,28.78,8.7,3.02,2026-05,2026Q1,2026-06,2026-06-21 20:59:07,1
6728,上洋,上櫃,不符合,-19.9%,1.97,-26.8%,9.05,36.9%,3.2%,14.7%,11.99,1.74,7.4%,58.6%,-0.4,-1.18,62.49,18.82,3.01,2026-05,2026Q1,2026-06,2026-06-25 19:22:33,1
6739,竹陞科技,上櫃,不符合,99.3%,5.76,113.3%,19.19,68.4%,15.7%,57.2%,58.36,30.62,1.2%,44.0%,2.26,1.83,36.58,8.56,2.34,2026-05,2026Q1,2026-06,2026-06-21 20:59:07,1
6741,91APP*-KY,上櫃,不符合,31.8%,1.15,0.0%,4.41,74.2%,2.2%,16.6%,14.01,1.19,3.3%,39.3%,0.92,1.4,51.88,31.28,6.03,2026-05,2026Q1,2026-06,2026-06-25 19:22:33,1
6754,匯僑設計,上市,不符合,-19.4%,0.12,-58.6%,3.23,22.9%,0.4%,10.0%,14.09,1.41,7.7%,48.7%,-1.14,-0.08,32.24,21.28,6.6,2026-05,2026Q1,2026-06,2026-06-21 19:56:46,1
6757,台灣虎航,上市,不符合,21.7%,2.91,42.0%,6.24,40.7%,17.7%,42.9%,9.33,3.55,8.4%,73.0%,22.04,16.95,16.42,75.44,45.95,2026-05,2026Q1,2026-06,2026-06-21 20:59:07,1
6763,綠界科技*,上櫃,不符合,14.5%,0.55,-9.8%,4.15,41.9%,0.3%,26.7%,11.43,0.3,4.3%,60.0%,0.61,-0.64,158.48,29.17,1.84,2026-05,2026Q1,2026-06,2026-06-25 19:22:33,1
6768,志強-KY,上市,不符合,-2.0%,1.2,-55.7%,5.27,16.5%,1.5%,6.6%,16.26,1.1,6.0%,35.6%,-7.37,-8.75,77.61,155.3,20.01,2026-05,2026Q1,2026-06,2026-06-21 19:56:46,1
6771,平和環保-創,上市,不符合,-5.9%,0.69,-48.5%,2.99,46.8%,2.4%,10.1%,14.05,1.43,7.6%,34.7%,0.5,-0.55,29.3,9.14,3.12,2026-05,2026Q1,2026-06,2026-06-21 20:59:07,1
6794,向榮生技,上市,不符合,-45.8%,-0.36,25.0%,-1.77,62.8%,-2.7%,-13.5%,0.0,5.99,0.0%,8.4%,-0.23,0.36,13.25,8.43,6.36,2026-05,2026Q1,2026-06,2026-06-21 20:59:07,1
6803,崑鼎,上櫃,不符合,-4.3%,4.54,0.4%,18.46,19.8%,4.7%,21.7%,15.52,2.99,5.5%,60.6%,-11.36,-12.07,95.94,69.71,7.27,2026-05,2026Q1,2026-06,2026-06-21 20:59:07,1
6804,明係,上櫃,不符合,11.4%,0.17,-63.8%,-3.13,8.2%,0.6%,-8.7%,0.0,0.6,0.0%,40.8%,-0.21,-0.27,27.08,12.86,4.75,2026-05,2026Q1,2026-06,2026-06-21 20:59:07,1
6806,森崴能源,上市,不符合,8.2%,-6.73,-997.3%,-65.37,44.8%,-110.0%,-183.5%,0.0,0.53,37.9%,96.3%,10.93,6.43,6.12,16.81,27.46,2026-05,2026Q1,2026-06,2026-06-21 19:56:46,1
6807,峰源-KY,上市,不符合,-20.2%,0.63,-66.8%,3.42,17.3%,1.4%,7.4%,9.84,0.72,7.4%,29.5%,-0.31,-1.1,46.53,25.13,5.4,2026-05,2026Q1,2026-06,2026-06-21 19:56:46,1
6811,宏碁資訊,上櫃,不符合,30.5%,4.8,19.7%,15.16,12.4%,9.3%,28.0%,15.17,4.48,4.6%,68.1%,-1.5,-1.39,51.34,21.28,4.14,2026-05,2026Q1,2026-06,2026-06-21 20:59:07,1
6838,台新藥,上市,不符合,-50.7%,-0.1,63.0%,-0.37,86.9%,-1.0%,-3.9%,0.0,2.58,0.0%,29.0%,-0.64,0.24,9.55,14.42,15.1,2026-05,2026Q1,2026-06,2026-06-21 20:59:07,1
6854,錼創科技-KY創,上市,不符合,5.1%,-2.14,-345.8%,-2.64,-27.0%,-6.9%,-8.3%,0.0,3.92,0.0%,33.1%,1.36,-2.97,30.9,36.36,11.77,2026-05,2026Q1,2026-06,2026-06-26 20:43:48,1
6865,偉康科技,上櫃,不符合,-48.7%,-1.12,-548.0%,0.16,35.3%,-5.1%,0.7%,164.06,1.19,5.3%,34.4%,0.4,0.43,21.99,3.48,1.58,2026-05,2026Q1,2026-06,2026-06-21 20:59:07,1
6869,雲豹能源,上市,不符合,-27.8%,-0.99,44.1%,-3.42,19.5%,-2.7%,-6.5%,0.0,2.06,6.6%,67.8%,-0.43,-5.55,36.67,50.54,13.78,2026-05,2026Q1,2026-06,2026-06-25 19:22:33,1
6873,泓德能源,上市,不符合,-32.8%,0.25,-63.2%,3.24,40.5%,0.3%,4.1%,25.34,0.94,0.0%,63.5%,-11.86,-15.73,86.95,124.04,14.26,2026-05,2026Q1,2026-06,2026-06-25 19:22:33,1
6881,潤德,上櫃,不符合,-20.9%,5.23,34.8%,20.77,21.1%,8.1%,33.1%,11.6,3.73,7.2%,56.5%,2.25,1.99,64.64,9.7,1.5,2026-05,2026Q1,2026-06,2026-06-21 20:59:07,1
6885,全福生技,上市,不符合,-27.9%,-0.5,5.7%,-3.29,-11.3%,-4.0%,-24.9%,0.0,1.77,0.0%,2.7%,-0.88,-5.13,12.64,16.81,13.3,2026-05,2026Q1,2026-06,2026-06-21 20:59:07,1
6902,GOGOLOOK,上市,成長,27.7%,1.64,530.8%,2.96,89.1%,7.7%,17.5%,45.27,6.26,0.0%,43.1%,0.27,0.27,21.41,7.57,3.54,2026-05,2026Q1,2026-06,2026-06-26 20:43:48,1
6903,巨漢,上櫃,不符合,229.1%,6.72,572.0%,16.34,31.4%,12.1%,31.0%,24.05,7.06,2.2%,33.8%,2.23,-0.49,55.68,37.12,6.67,2026-05,2026Q1,2026-06,2026-06-21 20:59:07,1
6913,鴻呈,上櫃,不符合,35.3%,1.58,41.1%,4.86,29.2%,4.0%,13.8%,25.93,3.19,2.0%,51.1%,0.26,-2.63,39.45,17.3,4.38,2026-05,2026Q1,2026-06,2026-06-21 20:59:07,1
6914,阜爾運通,上市,不符合,6.9%,2.34,8.3%,9.79,22.0%,4.5%,19.5%,14.56,2.73,4.2%,68.8%,8.3,7.21,52.13,34.52,6.62,2026-05,2026Q1,2026-06,2026-06-21 20:59:07,1
6919,康霈*,上市,不符合,-70.8%,-0.07,36.4%,-0.19,50.0%,-0.1%,-3.0%,0.0,0.91,0.0%,1.8%,-0.23,16.81,120.25,93.63,7.79,2026-04,2026Q1,2026-06,2026-06-21 20:59:07,1
6923,中台,上市,不符合,20.6%,0.84,5.0%,3.07,30.8%,2.8%,10.2%,25.31,2.62,3.5%,35.1%,1.83,1.49,29.67,27.14,9.15,2026-05,2026Q1,2026-06,2026-06-21 20:59:07,1
6924,榮惠-KY創,上市,不符合,4.0%,2.26,71.2%,6.63,26.5%,9.0%,26.8%,18.85,4.96,4.0%,57.9%,0.27,0.22,25.18,5.19,2.06,2026-05,2026Q1,2026-06,2026-06-26 20:43:48,1
6928,攸泰科技,上市,不符合,1.8%,-0.04,-117.4%,-1.0,28.0%,-0.2%,-4.1%,0.0,2.02,1.0%,21.1%,-0.09,-0.46,23.72,20.4,8.6,2026-05,2026Q1,2026-06,2026-06-21 20:59:07,1
6949,沛爾生醫-創,上市,不符合,18.8%,-1.18,9.2%,-7.11,-18.9%,-2.6%,-22.3%,0.0,19.15,0.0%,11.2%,-1.14,6.34,45.02,29.22,6.49,2026-05,2026Q1,2026-06,2026-06-26 20:43:48,1
6951,青新-創,上市,不符合,15.5%,1.49,33.0%,5.76,60.9%,6.6%,24.5%,13.68,3.5,5.1%,38.9%,0.81,0.47,22.48,10.34,4.6,2026-05,2026Q1,2026-06,2026-06-21 20:59:07,1
6952,大武山,上市,不符合,17.7%,0.32,119.4%,0.77,20.7%,1.2%,3.5%,46.82,1.38,2.8%,52.5%,0.45,-0.82,26.21,17.91,6.83,2026-05,2026Q1,2026-06,2026-06-21 20:59:07,1
6953,家碩,上櫃,不符合,-17.0%,1.26,-17.6%,7.71,46.7%,2.5%,15.7%,30.48,4.63,2.6%,46.5%,-0.18,-0.86,50.71,15.22,3.0,2026-05,2026Q1,2026-06,2026-06-21 20:59:07,1
6955,邦睿生技-創,上市,不符合,13.9%,0.97,-13.4%,4.27,76.4%,3.8%,17.2%,31.03,5.23,1.1%,13.5%,0.18,0.07,25.33,6.28,2.48,2026-05,2026Q1,2026-06,2026-06-21 20:59:07,1
6958,日盛台駿,上市,不符合,-3.0%,0.2,166.7%,-1.9,28.4%,0.8%,-7.3%,0.0,0.66,0.0%,85.8%,29.06,17.62,26.26,105.88,40.33,2026-05,2026Q1,2026-06,2026-06-21 20:59:07,1
6967,汎瑋材料,上櫃,不符合,34.9%,1.07,69.8%,4.47,26.7%,3.4%,14.0%,15.95,2.3,5.2%,40.2%,0.76,0.7,31.04,7.73,2.49,2026-05,2026Q1,2026-06,2026-06-21 20:59:07,1
6968,萬達寵物,上櫃,不符合,18.1%,0.96,2.1%,2.53,41.2%,3.5%,10.4%,17.21,1.59,2.3%,59.8%,0.89,1.19,27.38,13.54,4.94,2026-05,2026Q1,2026-06,2026-06-21 20:59:07,1
6982,大井泵浦,上櫃,不符合,38.7%,0.1,-87.5%,-0.64,24.1%,0.4%,-2.7%,0.0,2.58,1.0%,68.1%,0.52,0.05,22.67,9.22,4.07,2026-05,2026Q1,2026-06,2026-06-21 20:59:07,1
6988,威力暘-創,上市,不符合,4.2%,-0.05,-155.6%,-1.27,31.2%,-0.3%,-8.0%,0.0,0.89,3.4%,37.6%,-0.21,-0.12,14.98,7.13,4.76,2026-05,2026Q1,2026-06,2026-06-26 20:43:48,1
6996,力領科技,上櫃,不符合,66.1%,3.27,36.3%,13.03,40.8%,5.6%,22.8%,14.89,3.3,5.2%,31.3%,1.62,-0.06,58.87,24.73,4.2,2026-05,2026Q1,2026-06,2026-06-21 20:59:07,1
6997,博弘,上櫃,不符合,53.0%,-2.31,-260.4%,1.36,9.0%,-8.9%,4.8%,55.15,2.88,6.7%,68.3%,0.74,0.74,26.03,5.75,2.21,2026-05,2026Q1,2026-06,2026-06-21 20:59:07,1
6999,瀚醫生技,興櫃,不符合,22.0%,1.03,-17.6%,3.46,78.4%,8.7%,18.0%,8.53,2.5,2.0%,14.2%,0.09,0.09,11.81,2.6,2.2,2026-05,2025Q4,2026-06,2026-06-21 20:59:07,1
7584,樂意,上櫃,不符合,31.8%,-1.23,-179.9%,-4.75,33.1%,-4.6%,-16.1%,0.0,1.04,14.3%,42.9%,-0.04,-0.3,26.82,4.42,1.65,2026-05,2026Q1,2026-06,2026-06-21 20:59:07,1
7703,銳澤,上櫃,不符合,-5.3%,1.08,-44.9%,7.84,20.6%,1.9%,13.9%,26.34,3.7,3.4%,37.3%,-1.66,-4.77,55.83,19.4,3.47,2026-05,2026Q1,2026-06,2026-06-21 20:59:07,1
7704,明遠精密,上櫃,不符合,2.1%,0.7,42.9%,2.28,34.8%,2.1%,6.7%,25.53,1.74,3.1%,17.3%,0.39,1.06,33.48,11.31,3.38,2026-05,2026Q1,2026-06,2026-06-21 20:59:07,1
7705,三商餐飲,上市,不符合,0.5%,0.35,600.0%,2.23,34.6%,1.5%,9.1%,14.28,1.34,5.0%,57.6%,1.13,0.56,23.76,15.7,6.61,2026-05,2026Q1,2026-06,2026-06-21 20:59:07,1
7708,全家餐飲,上櫃,不符合,12.7%,1.92,23.9%,6.83,47.6%,5.2%,18.8%,13.76,2.53,4.8%,51.3%,0.95,1.73,37.1,9.46,2.55,2026-05,2026Q1,2026-06,2026-06-21 20:59:07,1
7712,博盛半導體,上櫃,不符合,2.7%,1.42,7.6%,7.12,35.3%,2.4%,9.7%,25.91,3.08,2.2%,23.8%,0.69,0.64,59.84,19.49,3.26,2026-05,2026Q1,2026-06,2026-06-21 20:59:07,1
7722,LINEPAY,上市,不符合,17.2%,1.97,-17.6%,7.04,23.2%,1.2%,4.5%,46.59,2.06,0.5%,54.8%,8.23,8.16,159.38,108.38,6.8,2026-05,2026Q1,2026-06,2026-06-21 20:59:07,1
7751,竑騰,上櫃,不符合,,7.0,74.6%,23.43,55.7%,8.6%,37.8%,63.38,18.31,0.7%,49.5%,0.02,2.08,81.09,21.8,2.69,,2026Q1,2026-06,2026-06-21 20:59:07,1
8044,網家,上櫃,不符合,8.3%,-0.39,50.6%,-4.22,15.4%,-0.9%,-8.2%,0.0,0.72,0.0%,73.3%,-1.27,-0.44,43.09,88.61,20.56,2026-05,2026Q1,2026-06,2026-06-21 19:56:46,1
8045,達運光電,上市,不符合,9.0%,0.11,83.3%,0.7,27.1%,0.5%,3.4%,87.29,3.0,1.6%,33.5%,1.53,1.28,20.34,19.33,9.5,2026-05,2026Q1,2026-06,2026-06-21 20:59:07,1
8066,來思達,上櫃,不符合,7.9%,-0.91,-555.0%,-4.6,7.8%,-5.2%,-19.6%,0.0,0.88,0.0%,50.3%,-0.06,-0.07,17.59,6.44,3.66,2026-05,2026Q1,2026-06,2026-06-21 19:56:46,1
8077,洛碁,上櫃,不符合,-2.9%,1.95,33.6%,6.52,30.7%,7.9%,29.1%,7.66,2.02,4.0%,79.3%,1.36,0.92,24.73,5.43,2.19,2026-05,2026Q1,2026-06,2026-06-21 19:56:46,1
8080,泰霖,上櫃,不符合,-62.9%,0.02,-81.8%,0.02,50.7%,0.2%,0.3%,1400.0,3.38,0.0%,45.4%,-0.58,-0.73,8.29,5.57,6.72,2026-05,2026Q1,2026-06,2026-06-25 19:22:33,1
8087,麗升能源,上櫃,不符合,133.2%,0.86,673.3%,-0.31,19.3%,4.2%,-1.4%,0.0,1.63,3.0%,64.3%,1.3,-0.8,20.26,7.83,3.87,2026-05,2026Q1,2026-06,2026-06-21 20:59:07,1
8091,翔名,上櫃,不符合,82.2%,2.56,113.3%,7.27,40.6%,3.7%,10.3%,38.65,4.01,1.5%,31.0%,0.73,0.17,70.04,37.39,5.34,2026-05,2026Q1,2026-06,2026-06-21 20:59:07,1
8171,天宇,上櫃,不符合,8.4%,-0.2,90.5%,-3.56,1.8%,-1.0%,-23.8%,0.0,1.05,3.0%,32.3%,-0.58,-0.4,20.52,23.16,11.29,2026-05,2026Q1,2026-06,2026-06-21 20:59:07,1
8272,全景軟體,上櫃,不符合,-1.6%,0.39,56.0%,4.8,75.0%,1.2%,15.2%,14.9,2.18,3.9%,23.5%,-0.18,-0.44,32.81,6.23,1.9,2026-05,2026Q1,2026-06,2026-06-21 20:59:07,1
8341,日友,上市,不符合,35.3%,1.51,17.1%,4.7,49.3%,3.5%,13.2%,16.94,1.87,5.0%,46.3%,3.85,2.26,42.63,55.42,13.0,2026-05,2026Q1,2026-06,2026-06-21 19:56:46,1
8354,冠好,上櫃,不符合,-11.6%,0.3,650.0%,0.39,17.0%,1.1%,1.4%,41.79,0.61,3.7%,49.9%,0.44,0.14,26.86,21.1,7.85,2026-05,2026Q1,2026-06,2026-06-25 19:22:33,1
8390,金益鼎,上櫃,不符合,17.6%,2.87,135.2%,8.25,28.8%,7.5%,22.6%,13.82,2.97,2.2%,23.5%,1.95,1.04,38.43,36.93,9.61,2026-05,2026Q1,2026-06,2026-06-21 20:59:07,1
8418,捷必勝-KY,上櫃,不符合,,-0.55,0.0%,,0.0%,0.0%,0.0%,0.0,0.0,0.0%,0.0%,,,,,,,2023Q3,2026-06,2026-06-21 20:59:07,1
8420,明揚,上櫃,不符合,944.7%,-0.26,98.6%,-0.4,5.7%,-1.6%,-2.5%,0.0,0.0,0.0%,0.0%,-0.33,-0.55,16.23,8.96,5.52,2024-10,2024Q3,2026-06,2026-06-21 20:59:07,1
8422,可寧衛*,上市,不符合,199.6%,0.21,-94.7%,0.01,48.2%,0.2%,13.0%,2810.0,0.26,3.6%,48.2%,-12.2,-18.53,109.59,124.59,11.37,2026-05,2026Q1,2026-06,2026-06-21 19:56:46,1
8423,保綠-KY,上櫃,不符合,14.9%,0.26,85.7%,0.85,29.2%,1.7%,5.7%,20.88,1.17,3.4%,32.0%,0.11,-0.13,15.23,6.35,4.17,2026-05,2026Q1,2026-06,2026-06-21 20:59:07,1
8433,弘帆,上櫃,不符合,24.1%,1.37,-18.5%,2.87,22.7%,3.3%,6.7%,18.43,1.26,7.9%,51.5%,1.44,1.06,41.9,22.84,5.45,2026-05,2026Q1,2026-06,2026-06-25 19:22:33,1
8438,昶昕,上市,不符合,49.8%,1.02,108.2%,2.63,14.3%,3.6%,9.5%,35.17,3.23,1.4%,36.4%,0.25,-0.02,28.66,20.04,6.99,2026-05,2026Q1,2026-06,2026-06-21 19:56:46,1
8440,綠電,上櫃,不符合,18.5%,0.22,1200.0%,0.55,17.5%,1.7%,4.2%,40.45,1.71,0.9%,27.1%,0.21,-0.53,13.0,6.53,5.03,2026-05,2026Q1,2026-06,2026-06-21 20:59:07,1
8454,富邦媒,上市,不符合,4.1%,2.43,-28.7%,10.6,9.1%,6.2%,26.0%,32.17,8.66,2.9%,61.1%,13.61,11.6,39.37,104.33,26.5,2026-05,2026Q1,2026-06,2026-06-21 19:56:46,1
8462,柏文,上市,不符合,20.1%,2.42,56.1%,9.36,33.6%,7.0%,30.3%,14.64,3.99,5.3%,78.0%,6.05,3.91,34.37,27.25,7.93,2026-05,2026Q1,2026-06,2026-06-25 19:22:33,1
8464,億豐,上市,不符合,3.3%,5.62,-7.4%,22.08,59.1%,5.9%,25.4%,16.21,3.78,4.5%,34.8%,31.19,22.55,94.77,277.69,29.3,2026-05,2026Q1,2026-06,2026-06-21 19:56:46,1
8467,波力-KY,上市,不符合,-30.3%,0.83,-68.1%,8.27,37.0%,1.6%,14.8%,15.18,2.38,1.6%,44.3%,-0.13,-1.11,52.8,25.54,4.84,2026-05,2026Q1,2026-06,2026-06-21 19:56:46,1
8472,夠麻吉,上櫃,不符合,-11.9%,-0.26,75.7%,-0.49,33.8%,-1.7%,-3.4%,0.0,5.35,0.0%,74.5%,-0.22,-0.77,15.0,2.66,1.77,2026-05,2026Q1,2026-06,2026-06-25 19:22:33,1
8473,山林水,上市,不符合,2.7%,1.23,33.7%,2.86,32.9%,2.6%,7.5%,17.48,1.07,1.4%,49.6%,-0.66,-0.88,46.68,84.58,18.12,2026-05,2026Q1,2026-06,2026-06-21 19:56:46,1
8476,台境*,上市,不符合,-53.9%,0.0,-100.0%,0.4,12.3%,0.0%,3.6%,54.38,0.98,0.9%,55.7%,-1.29,-1.31,22.13,18.4,8.31,2026-05,2026Q1,2026-06,2026-06-21 20:59:07,1
8477,創業家,上櫃,不符合,-27.5%,-0.03,94.6%,-0.39,20.2%,-0.5%,-7.2%,0.0,3.09,0.0%,43.5%,0.13,0.07,5.57,3.57,6.42,2026-05,2026Q1,2026-06,2026-06-21 19:56:46,1
8478,東哥遊艇,上市,不符合,-99.7%,3.8,503.2%,16.42,42.6%,3.7%,16.9%,9.2,1.48,3.3%,37.0%,-5.28,1.36,101.75,95.62,9.4,2026-05,2026Q1,2026-06,2026-06-21 20:59:07,1
8482,商億-KY,上市,不符合,30.8%,0.66,10.0%,2.36,32.7%,2.1%,7.1%,0.0,0.0,0.0%,28.3%,1.25,3.22,30.71,32.99,10.74,2026-05,2026Q1,2026-06,2026-06-21 20:59:07,1
8487,愛爾達-創,上市,不符合,-2.1%,2.58,155.4%,5.6,33.6%,9.3%,20.3%,14.07,2.83,6.1%,46.2%,1.49,1.43,27.84,7.39,2.65,2026-05,2026Q1,2026-06,2026-06-25 20:24:12,1
8489,三貝德,上櫃,不符合,52.5%,0.38,445.5%,-0.27,54.6%,1.6%,2.1%,0.0,0.96,0.0%,62.2%,-0.09,0.93,23.04,13.81,5.99,2026-05,2026Q1,2026-06,2026-06-25 19:22:33,1
8499,鼎炫-KY,上市,不符合,85.7%,2.61,-5.4%,9.98,44.5%,0.9%,5.5%,30.61,1.0,2.6%,24.7%,2.74,7.26,305.21,125.64,4.12,2026-05,2026Q1,2026-06,2026-06-25 19:22:33,1
8924,大田,上櫃,價值,2.2%,0.05,-92.6%,5.0,11.5%,0.1%,10.6%,11.24,1.19,7.7%,31.9%,1.21,0.33,47.16,39.52,8.38,2026-05,2026Q1,2026-06,2026-06-21 20:59:07,1
8928,鉅明,上櫃,不符合,-27.6%,0.66,-56.0%,0.57,12.7%,3.1%,2.7%,37.02,0.99,8.1%,64.5%,3.84,2.99,21.3,10.83,5.09,2026-05,2026Q1,2026-06,2026-06-21 20:59:07,1
8933,愛地雅,上櫃,不符合,14.6%,-0.3,-36.4%,-1.47,0.1%,-6.1%,-25.3%,0.0,0.97,0.0%,58.4%,-0.06,0.36,4.94,16.13,32.67,2026-05,2026Q1,2026-06,2026-06-21 20:59:07,1
8938,明安,上櫃,不符合,-8.3%,1.33,-69.4%,3.17,13.9%,2.7%,6.4%,16.78,1.09,7.5%,45.1%,15.66,14.32,48.81,76.62,15.7,2026-05,2026Q1,2026-06,2026-06-21 20:59:07,1
8940,新天地,上市,不符合,-6.3%,1.34,6.3%,0.63,53.3%,9.5%,5.4%,26.98,1.2,0.0%,55.9%,0.96,0.55,14.17,9.56,6.75,2026-05,2026Q1,2026-06,2026-06-21 19:56:46,1
8941,關中,上櫃,不符合,-13.9%,1.36,-14.5%,0.93,29.4%,4.6%,2.1%,46.77,1.47,3.4%,46.7%,0.9,1.16,29.55,10.34,3.5,2026-05,2026Q1,2026-06,2026-06-21 19:56:46,1
9802,鈺齊-KY,上市,不符合,-19.6%,0.89,-29.4%,5.68,15.8%,1.3%,8.2%,13.59,1.14,2.6%,38.7%,5.65,3.49,67.55,135.77,20.1,2026-05,2026Q1,2026-06,2026-06-21 20:59:07,1
9904,寶成,上市,不符合,0.2%,0.76,-37.7%,3.64,22.1%,1.0%,6.9%,7.18,0.33,5.0%,37.4%,-43.93,-114.23,79.54,2343.84,294.68,2026-05,2026Q1,2026-06,2026-06-21 20:59:07,1
9910,豐泰,上市,不符合,11.7%,0.68,-41.4%,4.62,17.4%,2.3%,16.7%,15.71,2.51,5.6%,45.2%,-2.87,-6.67,28.95,285.83,98.75,2026-05,2026Q1,2026-06,2026-06-21 20:59:07,1
9911,櫻花,上市,不符合,8.7%,1.87,7.5%,6.39,35.7%,6.5%,22.7%,12.91,2.89,6.1%,44.5%,2.86,0.08,28.56,63.51,22.24,2026-05,2026Q1,2026-06,2026-06-21 20:59:07,1
9914,美利達,上市,不符合,18.3%,1.09,-22.1%,3.7,16.6%,1.6%,5.2%,19.49,1.05,5.5%,43.5%,3.81,5.01,68.45,204.65,29.9,2026-05,2026Q1,2026-06,2026-06-21 20:59:07,1
9921,巨大,上市,不符合,5.8%,-0.51,-154.3%,0.39,19.6%,-0.5%,1.0%,190.0,0.78,3.0%,48.3%,6.92,-0.46,95.47,374.32,39.21,2026-05,2026Q1,2026-06,2026-06-21 20:59:07,1
9924,福興,上市,不符合,-8.9%,0.54,-49.1%,2.65,19.9%,1.2%,6.0%,15.34,0.9,6.2%,24.4%,4.56,0.52,45.07,67.95,15.08,2026-05,2026Q1,2026-06,2026-06-21 20:59:07,1
9930,中聯資源,上市,不符合,-5.6%,1.1,-17.3%,4.73,15.0%,3.8%,16.9%,14.8,2.43,5.7%,38.1%,7.23,6.67,28.76,71.49,24.85,2026-05,2026Q1,2026-06,2026-06-21 19:56:46,1
9934,成霖,上市,不符合,4.4%,0.28,366.7%,-0.07,34.2%,1.8%,-0.4%,0.0,0.66,1.0%,60.9%,0.07,-0.18,15.36,63.13,41.1,2026-05,2026Q1,2026-06,2026-06-21 19:56:46,1
9935,慶豐富,上市,不符合,16.5%,0.51,0.0%,1.64,27.3%,3.5%,11.1%,11.77,1.33,6.2%,69.0%,0.54,-3.33,14.56,25.89,17.78,2026-05,2026Q1,2026-06,2026-06-21 19:56:46,1
9943,好樂迪,上市,不符合,-1.3%,1.88,-3.6%,5.33,53.2%,6.4%,12.4%,10.81,1.96,6.1%,36.3%,1.48,2.32,29.33,36.72,12.52,2026-05,2026Q1,2026-06,2026-06-21 19:56:46,1
9955,佳龍,上市,不符合,-3.7%,0.05,141.7%,0.71,13.6%,0.4%,6.1%,37.96,2.26,0.0%,59.3%,0.46,-2.42,11.92,12.45,10.44,2026-05,2026Q1,2026-06,2026-06-21 19:56:46,1
9960,邁達康,上櫃,不符合,41.3%,0.53,29.3%,1.87,36.4%,2.6%,9.3%,17.11,1.59,5.3%,38.1%,0.12,-0.56,20.09,6.75,3.36,2026-05,2026Q1,2026-06,2026-06-21 19:56:46,1
